material_id,formula,density,formation_energy,band_gap,is_metal
mp-1143,Al2O3,3.98,-17.36,8.8,False
mp-12957,SrTiO3,5.12,-17.2,3.25,False
mp-2998,BaTiO3,6.02,-16.85,3.2,False
mp-2858,HfO2,9.68,-11.6,5.7,False
mp-2225,ZrO2,5.68,-11.45,5.8,False
mp-1934,Ga2O3,5.88,-11.2,4.8,False
mp-1265,TiO2,4.23,-9.75,3.1,False
mp-546794,SiO2,2.65,-9.44,8.9,False
mp-2083,Si3N4,3.19,-7.75,5.1,False
mp-1269,MgO,3.58,-6.24,7.8,False
mp-2133,ZnO,5.61,-3.63,3.3,False
mp-568,TiN,5.43,-3.48,0.0,True
mp-661,AlN,3.26,-3.32,6.2,False
mp-984,BN,2.18,-2.6,6.0,False
mp-8888,ZrC,6.73,-2.05,0.0,True
mp-8886,NbC,7.82,-1.45,0.0,True
mp-2534,GaN,6.15,-1.35,3.4,False
mp-8887,VC,5.77,-1.06,0.0,True
mp-406,CdTe,5.85,-1.04,1.5,False
mp-1550,CuInSe2,5.77,-0.92,1.04,False
mp-2172,SnSe,6.18,-0.91,0.86,False
mp-25340,GaAs,5.32,-0.85,1.42,False
mp-34202,Bi2Te3,7.74,-0.85,0.15,False
mp-10023,Ti3AlC2,4.52,-0.78,0.0,True
mp-2490,CdSe,5.81,-0.75,1.74,False
mp-1147,PbSe,8.1,-0.74,0.28,False
mp-22898,InP,4.81,-0.73,1.34,False
mp-1661,PbTe,8.16,-0.7,0.31,False
mp-20351,AlSb,4.26,-0.68,1.62,False
mp-804,SiC,3.21,-0.65,3.26,False
mp-8885,WC,15.63,-0.42,0.0,True
mp-1065,InSb,5.77,-0.35,0.17,False
mp-188,GeTe,6.14,-0.32,0.61,False
mp-149,Si,2.33,-0.1,1.14,False
mp-32,Ge,5.32,-0.05,0.66,False
mp-126,W,19.25,0.0,0.0,True
mp-81,Au,19.3,0.0,0.0,True
mp-33,Pt,21.45,0.0,0.0,True
mp-66,Diamond_C,3.52,0.0,5.47,False
mp-2,Pd,12.02,0.0,0.0,True
mp-134,Al,2.7,0.0,0.0,True
mp-72,Ti,4.51,0.0,0.0,True
mp-46,Ni,8.9,0.0,0.0,True
mp-13,Fe,7.87,0.0,0.0,True
mp-107,Zr,6.52,0.0,0.0,True
mp-30,Cu,8.96,0.0,0.0,True
